,geometry,block
DJI.1.1_1_113,,DJI.1.1_1_113
DJI.1.1_1_379,,DJI.1.1_1_379
DJI.1.1_1_382,,DJI.1.1_1_382
DJI.1.1_1_275,,DJI.1.1_1_275
DJI.1.1_1_284,,DJI.1.1_1_284
DJI.1.1_1_308,,DJI.1.1_1_308
DJI.1.1_1_403,,DJI.1.1_1_403
DJI.1.1_1_109,,DJI.1.1_1_109
DJI.1.1_1_146,,DJI.1.1_1_146
DJI.1.1_1_23,,DJI.1.1_1_23
DJI.1.1_1_84,,DJI.1.1_1_84
DJI.1.1_1_188,,DJI.1.1_1_188
DJI.1.1_1_356,,DJI.1.1_1_356
DJI.1.1_1_383,,DJI.1.1_1_383
DJI.1.1_1_436,,DJI.1.1_1_436
DJI.1.1_1_439,,DJI.1.1_1_439
DJI.1.1_1_464,,DJI.1.1_1_464
DJI.1.1_1_77,,DJI.1.1_1_77
DJI.1.1_1_97,,DJI.1.1_1_97
DJI.1.1_1_120,,DJI.1.1_1_120
DJI.1.1_1_38,,DJI.1.1_1_38
DJI.1.1_1_110,,DJI.1.1_1_110
DJI.1.1_1_151,,DJI.1.1_1_151
DJI.1.1_1_420,,DJI.1.1_1_420
DJI.1.1_1_17,,DJI.1.1_1_17
DJI.1.1_1_100,,DJI.1.1_1_100
DJI.1.1_1_117,,DJI.1.1_1_117
DJI.1.1_1_131,,DJI.1.1_1_131
DJI.1.1_1_405,,DJI.1.1_1_405
DJI.1.1_1_147,,DJI.1.1_1_147
DJI.1.1_1_274,,DJI.1.1_1_274
DJI.1.1_1_315,,DJI.1.1_1_315
DJI.1.1_1_413,,DJI.1.1_1_413
DJI.1.1_1_476,,DJI.1.1_1_476
DJI.1.1_1_484,,DJI.1.1_1_484
DJI.1.1_1_74,,DJI.1.1_1_74
DJI.1.1_1_172,,DJI.1.1_1_172
DJI.1.1_1_237,,DJI.1.1_1_237
DJI.1.1_1_311,,DJI.1.1_1_311
DJI.1.1_1_31,,DJI.1.1_1_31
DJI.1.1_1_411,,DJI.1.1_1_411
DJI.1.1_1_49,,DJI.1.1_1_49
DJI.1.1_1_380,,DJI.1.1_1_380
DJI.1.1_1_115,,DJI.1.1_1_115
DJI.1.1_1_409,,DJI.1.1_1_409
DJI.1.1_1_190,,DJI.1.1_1_190
DJI.1.1_1_404,,DJI.1.1_1_404
DJI.1.1_1_486,,DJI.1.1_1_486
DJI.1.1_1_162,,DJI.1.1_1_162
DJI.1.1_1_165,,DJI.1.1_1_165
DJI.1.1_1_348,,DJI.1.1_1_348
DJI.1.1_1_280,,DJI.1.1_1_280
DJI.1.1_1_414,,DJI.1.1_1_414
DJI.1.1_1_171,,DJI.1.1_1_171
DJI.1.1_1_399,,DJI.1.1_1_399
DJI.1.1_1_340,,DJI.1.1_1_340
DJI.1.1_1_506,,DJI.1.1_1_506
DJI.1.1_1_78,,DJI.1.1_1_78
DJI.1.1_1_238,,DJI.1.1_1_238
DJI.1.1_1_68,,DJI.1.1_1_68
DJI.1.1_1_75,,DJI.1.1_1_75
DJI.1.1_1_118,,DJI.1.1_1_118
DJI.1.1_1_173,,DJI.1.1_1_173
DJI.1.1_1_112,,DJI.1.1_1_112
DJI.1.1_1_177,,DJI.1.1_1_177
DJI.1.1_1_116,,DJI.1.1_1_116
DJI.1.1_1_408,,DJI.1.1_1_408
DJI.1.1_1_402,,DJI.1.1_1_402
DJI.1.1_1_28,,DJI.1.1_1_28
DJI.1.1_1_119,,DJI.1.1_1_119
DJI.1.1_1_71,,DJI.1.1_1_71
DJI.1.1_1_1,,DJI.1.1_1_1
DJI.1.1_1_169,,DJI.1.1_1_169
DJI.1.1_1_412,,DJI.1.1_1_412
DJI.1.1_1_416,,DJI.1.1_1_416
DJI.1.1_1_417,,DJI.1.1_1_417
DJI.1.1_1_76,,DJI.1.1_1_76
DJI.1.1_1_152,,DJI.1.1_1_152
DJI.1.1_1_418,,DJI.1.1_1_418
DJI.1.1_1_70,,DJI.1.1_1_70
DJI.1.1_1_415,,DJI.1.1_1_415
DJI.1.1_1_87,,DJI.1.1_1_87
DJI.1.1_1_9,,DJI.1.1_1_9
DJI.1.1_1_88,,DJI.1.1_1_88
DJI.1.1_1_166,,DJI.1.1_1_166
DJI.1.1_1_400,,DJI.1.1_1_400
DJI.1.1_1_11,,DJI.1.1_1_11
DJI.1.1_1_3,,DJI.1.1_1_3
